id,name,contactNumbers,contactAddress
1,Joshua Todd,9465970967,iqFHmCiTwhEgqXjTuYMd
2,Ann Herrera,4719681392,NHcLvDCGfYHpdHMXNiUn
3,Miguel Bryant,2218626338,HUKjibHxmBFigfDwPXUe
4,Micheal Holmes,3516391235,XeURqMRJpDQJPYJtCFax
5,Mario Freeman,8133715215,AkiIwKRDkjUfpGlGUulM
6,Albert Freeman,7229218284,BRUKzOfkorysaMlchmcz
7,Dean Waters,8257510038,yEdrfoOzjIcognOZBfvM
8,Dylan Pierce,1892160719,ZHAQMLMUpLdcXILwuWcA
9,Mina Warren,6483308206,KIkGhuyRkFvmjvufiSAx
10,Lucile Medina,1504755205,EKzcqbgauodkyCvQQoAO
